Date,CDOM-Concentration-Of-Colored-Dissolved-Organic-Matter,Chlorophyll,Currents-Eastward-Sea-Water-Velocity,Currents-Northward-Sea-Water-Velocity,Dissolved-Oxygen-InstrFrame,pH,Salinity,Temperature-Sea-Surface,Temperature-Water-InstrFrame,Water-Temperature-Seafloor
2015-03-30,2.2967162455470835,0.7741405919537367,-0.0483965589976821,-0.1312721964155629,321.2970120121316,,31.552033750120785,12.403563118970323,12.280096804879578,
2015-04-06,2.23281422381684,0.9569007910058768,-0.0410878816479167,-0.1329264571730656,322.2233009194416,,31.49972295021013,12.35789149058749,12.211325891522094,
2015-04-13,2.218049995182052,0.9088166734151424,-0.1913954748300596,-0.3992097207230656,311.8610557276784,,31.801586906190572,11.905806941929171,11.778007543488314,
2015-04-20,2.538039149243091,1.4393798664372772,-0.2940665295739583,-0.5142329866995538,293.0860778995501,,31.77351859649092,11.069632641758025,10.966392712716065,
2015-04-27,2.8453273328201543,3.1996839360941243,-0.2879522068471726,-0.5759252507874998,346.5012748125744,,31.5385218969898,11.453446628271305,11.11491639780366,
2015-05-04,3.6116754726075286,5.132928066355612,-0.3673166661736607,-0.5451359540349697,358.24239426223977,,31.18946399924737,11.489686305749988,11.102797207812676,
2015-05-11,3.644090122787023,3.7751524639013,-0.3064733537369048,-0.4393148123991073,353.322215970824,,31.223385790178565,12.267846924539384,11.504483942988315,
2015-05-18,3.297317073924501,3.563125473308045,-0.289798740144792,-0.3049166103188984,322.6546171035455,,31.939315802523687,11.420008332861622,10.717993441783822,
2015-05-25,3.356296857318225,8.003461733030738,-0.3206658794117562,-0.3908349399872023,291.2568170757172,,32.37403740975604,10.518559130032733,9.818146780560532,
2015-06-01,3.0208050397076187,10.687964466412742,-0.2532966752891371,-0.3453037759266368,,,32.446023799830826,11.219582141769644,10.242883929809247,
2015-06-08,2.534792868972966,5.429123839097697,-0.2166417933933037,-0.387673343577381,,,32.92478038188835,9.256844250739132,9.159699782859368,
2015-06-15,2.9199219586405043,13.662481952590063,-0.1886651435821428,-0.3338761234577379,,,32.973582661615296,10.027386012342442,9.491937556077763,
2015-06-22,3.126417622729675,9.683429075043952,-0.1626558172473216,-0.2292403712803571,,,32.892554662457286,11.32747043730678,10.189075229476664,
2015-06-29,3.3759778844669857,10.815638258213085,-0.209976628195238,-0.2656294922357142,,,32.83819741422663,11.891759516605754,11.059188858047918,
2015-07-06,3.287931293856582,7.449479895024236,-0.035469717314881,-0.1231432228836311,,,32.818835905166466,14.099936902900655,12.654065240591963,
2015-07-13,2.932884742560176,2.1728802045531244,-0.0811751406813987,-0.1071805866380951,,,33.06382061564052,14.780801880359055,13.892059218668908,
2015-07-20,2.9332593161201617,2.5188595285052813,-0.0085834227636904,-0.0419663275052083,,,33.01954458061789,14.934711109361752,13.899561225670208,
2015-07-27,3.087741102004156,2.154303814507334,-0.0681807562019344,-0.1064671584886903,,,33.13828480612978,12.504250498707092,11.739725687985151,
2015-08-03,2.865593257210425,4.361474230582253,-0.088138633491369,-0.0827215469107141,,,33.093990139173215,11.418256149121444,10.946833513405712,
2015-08-10,3.114199466065866,9.40669672607778,-0.0729099686087797,-0.1069147651638393,,,32.816574311067065,13.762644636725929,12.178147887572802,
2015-08-17,3.224639704092773,5.59031252303748,-0.2072197683601189,-0.2523346407434524,,,32.631569868134,13.210972420279642,12.321033565646085,
2015-08-24,3.106711003767869,8.332387999809075,-0.0795098373811013,-0.1561773919988094,,,32.86277860179134,11.334813689037508,11.910264346298437,
2015-08-31,2.966364638272045,4.932410606517063,0.0044380868260416,-0.041501230158482,,,32.67874151445,,13.749257921515465,
2015-09-07,2.8904596027473155,4.032426652440248,-0.1263060201794644,-0.1588093485613095,,,32.670094790343946,,13.313242650289457,
2015-09-14,2.8406765182660765,4.864470228417671,-0.0322254543547618,-0.1056988605751488,,,32.620646055060114,,13.137212418074924,
2015-09-21,2.682629389781215,2.0651698957544027,-0.118139580275,-0.1915248559140624,,,32.56799563667715,,13.631138810577127,
2015-09-28,,,,,,,,,,
2015-10-05,2.473621691064928,1.2739395742638602,0.0393588527888607,0.0334796991248101,,,32.3102533182662,13.327801861529016,13.11081931758739,
2015-10-12,2.25688759846792,1.4823155601911446,-0.0483365632599702,-0.0098433253638392,,,31.937250480517832,14.605663792387254,14.288116716038088,
2015-10-19,2.248241814082033,1.1863188272802117,0.0093582795619047,0.0015560407071428,,,32.26736927941372,14.233194495649236,14.11076829410228,
2015-10-26,2.0853845713058443,1.6468754242221284,0.0866698600230654,0.0826284401680058,,,32.73905596176184,13.64293143261388,13.617996843342668,
2015-11-02,1.9460970737679977,0.8247824078307295,0.005379206160119,0.0462503194638393,,,32.7385650924167,13.658271615904184,13.663496767769184,
2015-11-09,1.910901135073132,0.9044310274256312,0.1206924802611606,0.1345295900096726,,,32.66681570662914,13.465864831379548,13.493402839694443,
2015-11-16,1.9785340274173304,0.6887593965709444,0.0550552196611607,0.0734349821095238,,,32.77893367789032,12.744959925657591,12.75187577262687,
2015-11-23,1.9846572028628675,0.7989517111813969,-0.0345576243058035,-0.0314177561943452,,,32.78663835559431,12.118418881454986,12.139458231477796,
2015-11-30,1.908738035795123,1.011481160727157,0.1920166343750002,0.2002450662269344,,,32.75624458960577,11.801317606318344,11.804844185033524,
2015-12-07,1.81297785270014,0.6018335192812496,0.24373511677753,0.2599836310232143,,,32.5941436580794,12.359552271245065,12.36168333322762,
2015-12-14,2.021224636399072,0.6427720861679307,0.0672839959197916,0.0765498491958333,,,32.22091876399055,12.231540954570372,12.31173415087025,
2015-12-21,1.802999777370532,0.7603547453225078,0.0591138630193451,-0.000896138528125,,,32.355118197884885,12.160506125045908,12.17818437133884,
2015-12-28,1.889971924890873,0.9261644653002626,-0.0711369972535713,0.0758204070669642,,,31.6219346969377,11.642226870084803,11.096064296023286,
2016-01-04,2.0552565696670397,1.1245923120986991,0.0070324962989583,0.0455698062574405,,,31.96248193156462,10.860774004695775,10.877724668148677,
2016-01-11,1.9163306632776356,0.9529465200825866,0.078035807160863,0.1418024816688987,,,32.087827525128766,11.139124368528853,11.140095934675772,
2016-01-18,1.799365019856095,0.9562857260137284,0.1160064799188988,0.1490227339215772,,,32.24381338470153,11.303004464720964,11.307654928786524,
2016-01-25,1.7014720019542695,1.1839187872247756,0.0723460217178572,0.047039457573363,,,32.37008691715158,11.365969617121598,11.368076129163006,
2016-02-01,1.957040706725184,1.074375485717043,-0.0209380323894345,0.0082374093363095,,,31.829574646875265,11.011820801567175,11.04623082700147,
2016-02-08,1.9115094162798325,1.171855896459412,-0.0395409766382441,0.014395000553125,,,31.84243877163635,11.226406195248613,11.184597567348296,
2016-02-15,1.702262117476516,1.3943152434428143,0.093176035603125,0.1526787810752975,,,32.30328877949585,11.278384446269571,11.274961330779576,
2016-02-22,1.732718737630273,1.8683323309048696,0.0119852471084821,0.0355406453169642,,,32.195896905748455,11.391808204147766,11.344838579700967,
2016-02-29,1.6285240906757337,1.053296875569681,0.113300424650744,0.1494751328178571,,,32.44256939881794,11.394058340165664,11.392816901289798,
2016-03-07,1.6417463431678825,1.065310306680209,0.1296362933208333,0.1756947967272321,,,32.37719813254725,11.35284111737261,11.351746841427314,
2016-03-14,1.895898116695257,1.2828982516603489,0.0295319202684523,0.0310594845455356,,,31.625447667502403,11.578647054661587,11.575288050900452,
2016-03-21,1.75824035181182,1.8769366566199035,0.0368724990894345,0.0106289691894345,,,31.992353592062813,11.6500494438247,11.59393381637443,
2016-03-28,2.007641049695164,1.4594390862171285,-0.1077245098010416,-0.2154563119084819,,,31.36171633850642,12.2601789687363,11.884820415740093,
2016-04-04,2.103288827831581,1.5740146809309166,-0.2349158689302085,-0.3946240919595241,,,31.37291589104972,12.216655655418274,11.730932321124556,
2016-04-11,2.523732688800709,1.2581301152345146,-0.0507880991345238,-0.1316388128511904,,,31.798366152703,11.63181428691674,11.546172390294332,
2016-04-18,3.105295504104539,1.122332391960887,0.0278155834970237,0.0197033032123511,,,31.42385107931919,13.012632138483353,12.389103781784796,
2016-04-25,2.599245301173882,1.175796613486548,-0.1451991276458333,-0.227377347085119,,,31.181772912935894,12.889568949881015,12.733768564787562,
2016-05-02,2.1031999324342623,1.5065763717917042,-0.2986301362989583,-0.5769923465562504,,,32.170638831963075,11.488013396282208,11.280980572068987,
2016-05-09,2.069966431558775,4.655807819056438,-0.2041039534900295,-0.3088105098794642,,,32.30724525044737,11.5081201398183,10.925740923577512,
2016-05-16,2.431550961095203,2.012800292723849,-0.1661920500019132,-0.4005674892000002,351.99833533335686,,31.789426495327543,12.15702261480954,11.211289698072088,
2016-05-23,2.776275402836178,1.6588892869235032,-0.193075388795387,-0.3672200170739582,388.5255760393776,,31.03824864332232,13.48572358366931,12.50166434013673,
2016-05-30,2.473057893998622,2.575871161506997,-0.2884423133436014,-0.5193453620897321,354.73745098514314,,31.93316331460973,12.970266269786364,11.41353385297178,
2016-06-06,2.427633993514174,8.905698249120114,-0.1728713267589287,-0.280442002491964,368.8225210864392,,32.25906598420726,12.104810715762678,11.25957230783458,
2016-06-13,2.710044637705251,2.354039096291665,-0.1522166917072916,-0.2794080410883924,350.232216176177,,31.463012302130966,14.321498907842184,13.376080647026749,
2016-06-20,2.627881049714804,3.228562949939311,-0.1812808707928573,-0.3254232646144342,376.5711674291397,,32.058108144317345,13.449872917882756,12.211518132639608,
2016-06-27,2.429996422293647,9.70607325010285,-0.2378406749330357,-0.3072134929985118,327.0153211262453,,32.97465059995496,11.218341370707387,10.477240960949125,
2016-07-04,2.5418609689570126,7.150370403139629,-0.2630854997069943,-0.3465433077159227,357.5869059717717,,32.46029201858581,12.86421200812777,11.846096916045727,
2016-07-11,2.476731386236654,1.574849653380599,-0.2367467005668156,-0.2989049984050593,310.009690833794,,32.36736619723179,14.426141654771628,12.984900362030054,
2016-07-18,2.5866819420033864,2.556119200120325,-0.1896148108547619,-0.3662696846142859,235.83934265127988,,31.9486648668336,15.770129277879295,13.931003134785495,
2016-07-25,2.418014263346944,6.1929183790753415,-0.2271390838876487,-0.3890332664337797,206.1641316848749,,32.80609444905035,10.911526494743,10.056764945839529,
2016-08-01,2.2104634723328997,9.334680998777973,-0.1238307831809526,-0.2911982192162201,229.9841857775164,,33.2565355642799,10.053313395533053,9.479901529813173,
2016-08-08,2.646729343101727,9.603726656783897,-0.1647129933438988,-0.2745756997976191,243.71715497469225,,32.7771942912033,12.690180462934364,10.592688442126567,
2016-08-15,2.202077717234872,9.255765375811343,-0.0927276746958332,-0.2580764831950894,277.05648471258104,,33.10846869953839,10.183198627096417,9.592976219678224,
2016-08-22,2.271290591793054,16.712074481508935,-0.1198980060569938,-0.1858807277306546,332.2721217962278,,33.00841188478485,10.419773474309444,9.94598222748184,
2016-08-29,2.346732512644558,11.982567907343403,-0.0146082505331845,-0.0721500112761905,372.9842435285638,,32.83830348489671,12.885806281922164,11.741584723268812,
2016-09-05,2.5513340096537678,1.482762099388719,-0.1527266335287202,-0.104599190964137,322.6552108182252,,33.17414169923605,13.175049274485708,12.470197315020457,
2016-09-12,2.299374209410215,7.826033608169503,-0.0365241724267857,-0.0018213587433035,262.31652983905167,,33.223227057223106,11.240665677615418,10.848255891711732,
2016-09-19,2.259024102179221,6.355193808739969,-0.0565353827074404,-0.0397547299366071,292.3593008317208,,32.95335993377993,12.613742560337627,11.695192017770252,
2016-09-26,2.123217153662184,2.250225218902124,-0.0457630219620311,-0.0912650466625001,292.6200872910662,,32.745647575930946,12.564572037039271,12.28534066718024,
2016-10-03,1.9444744033199752,2.410240634141328,0.0575932500845238,0.1121536986629464,,,32.53423506375759,12.330109324720071,12.232249273909927,
2016-10-10,1.8500444165118264,3.565719729231831,0.175968521127381,0.2149371836727679,,,32.56027181822739,12.440221034628436,12.38945232790197,
2016-10-17,1.5574560361668492,1.1585310022050983,0.0345299148510417,0.1238248781369046,,,32.79959214341023,13.141053572817778,13.018672720734894,
2016-10-24,1.4368068315997005,1.2729053534722112,0.1021164417031248,0.1582154476550596,,,32.48409650990183,13.930550225195326,13.923025391128633,
2016-10-31,1.4133713234366478,1.0144688807736582,0.1209273513874999,0.1742171221470239,,,32.60323276291999,13.880093945691383,13.860666204810082,
2016-11-07,1.3745367061214668,1.0300007562734717,0.0183836928398809,0.0483418961587797,,,32.48583863463419,14.148418201943546,14.144959265352211,
2016-11-14,1.593443099219275,0.8240085015732523,0.0910840277785714,0.1407239590087798,,,32.48553736106066,13.974575995293334,13.98014879186474,
2016-11-21,1.3305807084672543,0.661765763193901,0.1466597140528274,0.268688830228125,,,32.47921902694799,14.017258542401397,14.02531372918673,
2016-11-28,1.479233274825528,0.4493945181829459,0.0179606056763392,-0.0721886489160714,,,32.15871988616191,13.365603532614545,13.504957919846204,
2016-12-05,1.4908705240476776,0.9432272975414654,-0.0005884736681547,-0.0242452886019345,,,32.054291848232495,12.454444243731324,12.50452745380882,
2016-12-12,1.4324113094582718,0.9360343037041352,0.0321596014004464,0.0150019693290178,,,32.2296066542447,11.895726884736249,12.042617799767818,
2016-12-19,1.4048783912500749,0.963830755319648,0.0728454381718751,0.0477438653683035,,,32.34062694846494,11.775670834004316,11.792732445808118,
2016-12-26,1.424456957243467,1.1660292544315352,0.0402233384561011,-0.0104477230590774,,,32.215362854247864,11.317080670815232,11.239751750286288,
2017-01-02,1.5840768329543156,1.7178139623925293,-0.0534299873470238,0.0118228677529761,,,32.03215083540982,10.190040879996802,10.200966136934843,
2017-01-09,1.6125269057806462,1.218461185554898,0.0336731104461309,0.1545539833885417,,,32.17879038478064,9.836940379842469,10.000705246079876,
2017-01-16,1.6966460697825214,0.8187494067768729,0.246622001245982,0.3295847091763392,,,32.28285651326288,9.935944732788103,9.958697716078888,
2017-01-23,1.6611855298901306,0.5845103872950816,0.0757392804376487,0.0970682828290177,,,32.286780614132894,10.283426925775458,10.292686399976128,
2017-01-30,1.687508547664224,0.6605187998306711,-0.020500770403869,0.0342808187650297,,,32.112641365058,9.968933574882492,10.03659635665088,
2017-02-06,1.6906141036059823,0.8289084463417417,0.133666143956994,0.3198680151126487,,,32.08419824996728,10.380154147051778,10.454155503796596,
2017-02-13,1.8720437133623888,0.7711322668562317,0.0212338086861607,0.0807468222629464,,,31.64618384461906,10.53287367230478,10.604515971318408,
2017-02-20,1.5614859829964107,1.4798235983255963,0.0545707149248512,0.0747231763058035,,,32.292206531248894,10.452570493947745,10.535229657966116,
2017-02-27,1.6428141727479009,3.129713494610149,0.0670344418230654,0.0426640630860118,,,32.12370621321767,10.27932515771872,10.279381257481438,
2017-03-06,1.631640371949325,1.732556808953183,0.1189622002584821,0.1901176097348213,,,32.28967384558044,10.301394659867055,10.275996239677031,
2017-03-13,1.6871522983607043,0.6009255774153067,-0.0056683765389881,0.0975767559459822,,,32.01733370957951,10.455599138541212,10.476886524775514,
2017-03-20,1.554684372196831,1.0605578666609343,0.1378951277452379,0.1787267819928571,,,32.2341230208977,10.507035947199034,10.510615546960944,
2017-03-27,1.6046795750251106,0.9228339699961636,-0.0400512225395833,-0.1296404335883929,,,32.0124236323127,10.709918050258274,10.653203504010552,
2017-04-03,1.6140737952455748,1.558306316286709,-0.0538599160894344,-0.1019359577119048,,,32.06019997090592,10.586650396812828,10.575595295685655,
2017-04-10,1.56724797124188,0.9560145777264596,0.0864400877279762,0.1604694889656251,,,32.2634912810708,10.538029167103826,10.51880549720165,
2017-04-17,1.6241393271690163,2.464574386832891,0.0233206349506348,0.0853746507439683,,,32.10826827296607,10.864244828444953,10.879679572237569,
2017-04-24,1.365335130430512,2.56658101881719,-0.0043881390680059,-0.045567162700744,,,32.26686920313877,,11.059715488046018,
2017-05-01,1.5754024964250004,0.952120775785,-0.1597404828566963,-0.2604254191010416,,,31.77949058013768,,11.640415506912293,
2017-05-08,,,-0.1596384943763394,-0.4334252127229162,,,32.117670014085945,,11.409147510675746,
2017-05-15,1.5974115968500002,7.935131998775001,-0.2800207145351189,-0.3726788457556552,,,30.151239149379755,,12.21764491691845,
2017-05-22,,,-0.3966265737824402,-0.5823442669879468,,,32.26120985665747,,10.865847796588332,
2017-05-29,,,-0.2295123096308037,-0.4199274935376487,,,30.87366421611592,,11.633037509825336,
2017-06-05,,,-0.1944851351840771,-0.3824786633004461,,,30.85932450521094,,12.448419909875009,
2017-06-12,,,-0.1126749550642858,-0.1062503254700892,,,30.574800446100628,,13.339129537362696,
2017-06-19,,,-0.3805097212312502,-0.4545227104020832,,,31.760881050370983,,11.56601955657907,
2017-06-26,,,-0.3498692883276787,-0.4170541295739578,,,32.263558400991215,,11.54023246048108,
2017-07-03,,,-0.2883082881421129,-0.3021090510837798,,,32.97954215362112,,9.869546394493277,
2017-07-10,,,-0.2904545960898807,-0.2275465489352682,,,33.232816029643814,,9.970790025181598,
2017-07-17,,,-0.3360907152970234,-0.2941080379793151,,,32.808600422249306,,10.792092289068083,
2017-07-24,,,-0.3147322378656245,-0.2922214731683035,,,33.012606098627984,,9.533263803776974,
2017-07-31,,,-0.1551361158375001,-0.1619872334078869,,,33.09151955875099,,9.870373435527709,
2017-08-07,,,-0.0361225931299106,-0.1011921648842261,,,33.01050044327511,,10.34142478557503,
2017-08-14,,,-0.1374596439736607,-0.2143968120854167,,,33.25724207828471,,10.909511899297224,
2017-08-21,,,-0.0926449958424106,-0.1166750960471725,,,33.2511175621707,,9.931109303211006,
2017-08-28,,,-0.0622598004486607,-0.1777012423327381,,,32.99342515480166,,10.451307539291792,
2017-09-04,,,-0.0837595390791666,-0.1293263652546131,,,32.76594469085108,,11.381371628973971,
2017-09-11,,,-0.114803527741518,-0.1293901871812497,,,33.18684831360801,,11.091022910682703,
2017-09-18,,,-0.0219892003790178,-0.0674971548501487,,,32.827116015542856,,12.000670673422396,
2017-09-25,,,-0.0311489240971726,-0.0423117439069941,,,32.82851484174119,,13.061376420328395,
2017-10-02,,,-0.0421919782215773,-0.0313748361084821,,,33.00191344039376,,13.11452945588805,
2017-10-09,1.7988757257770358,1.7371453203717393,-0.0394933832721286,-0.0579263283231239,,,32.79594753074874,11.9725321650119,12.402677098485904,
2017-10-16,1.805997762619236,2.427997904329082,0.104321101585863,0.1489581538321428,,,32.68868430859039,12.041994089992391,11.942376517035417,
2017-10-23,1.5143567463108585,1.3306248965117768,-0.007661838673363,0.0118560884276785,,,32.225279202978776,12.993118266377683,12.83010120198904,
2017-10-30,1.5977952839659175,2.18952205947431,0.0442459749930059,-0.0047376210037202,,,32.40747492932518,12.457641592352156,12.45164146565042,
2017-11-06,1.5990684451135793,2.7743110144736542,0.0637631809891369,0.1859483994034225,,,32.6392875105893,11.6561680545882,11.660392015988048,
2017-11-13,1.3647690841584834,0.8114529134617938,0.1377468477105654,0.242722731464732,,,32.75460771984562,11.769645336317843,11.774823249192462,
2017-11-20,1.2617258203492934,0.6055527080099687,0.0805375523095238,0.1307446318382441,,,32.924762486105344,11.777090574540562,11.779529409617291,
2017-11-27,1.252673480431752,0.5863755789190137,-0.0002276678235119,-0.0413629446636904,,,32.68761831662772,11.684337792132547,11.697485085613856,
2017-12-04,,,-0.0671586339236607,-0.0457300514614583,,,32.27651784399665,10.841783008947123,10.897970454073722,
2017-12-11,,,-0.012224924498363,-0.0111517487013392,,,32.64704240732276,11.025588072703526,11.038451630131854,
2017-12-18,,,-0.0026650929183035,-0.0668669178501488,,,32.44588496222222,10.989183409600823,10.994557611576884,
2017-12-25,,,0.029990205990625,0.040905487350744,,,32.55847609515571,10.754911710242146,10.805942290379855,
2018-01-01,1.330914991128156,1.1838675613744436,-0.0037901416465773,0.0467406950968749,,,32.70956825314344,10.936868015807844,10.94294667499808,
2018-01-08,1.4428303315307234,1.9310361759247845,0.0126700463470238,0.0650552475714285,,,32.67235569769809,10.746821365194933,10.748568364489694,
2018-01-15,1.3689784439475976,1.1114609079311102,0.1036047924369047,0.2380237028355658,,,32.71559499425523,10.951688890512177,10.952971895179417,
2018-01-22,1.2942125503185256,0.5783623050235863,0.1207921417566963,0.2314869996977677,,,32.683554683870526,11.06912728765808,11.070921938142495,
2018-01-29,1.388480195762949,0.6559931339371272,-0.0236069672144345,-0.0440649685863095,,,32.56925155208179,11.02346588524598,11.029844000290034,
2018-02-05,1.7833718019341604,0.6823510928853961,-0.1879194522010415,-0.2560675027197914,,,32.454527103945935,10.924559979160348,10.928035842731244,
2018-02-12,,,-0.2036940988952378,-0.3536328081779761,,,32.17502119394029,10.247155032264349,10.257140087599277,
2018-02-19,,,-0.1463655674139881,-0.2389453695962797,,,31.231678086177567,9.328038888453989,9.522383683619111,
2018-02-26,,,0.0085247951839285,0.0216964656245535,,,31.2713322239306,9.082308367318351,9.105111096499511,
2018-03-05,,,-0.0151923840293154,0.1554777331028273,,,31.96764332546721,9.601887744969352,9.585791794546214,
2018-03-12,,,0.0224443773339285,0.0221098799647321,,,32.26033991849291,10.087569494768042,10.03211424074217,
2018-03-19,,,0.0332538420918154,0.0373791017988095,,,32.27962548779555,9.94113687323403,9.92504858449886,
2018-03-26,,,-0.1759738156305058,-0.1645041787547618,,,32.1407206386021,9.98150743396678,9.93817973733952,
2018-04-02,1.1863726003365027,1.2621576754632378,-0.0479796656178798,-0.1215480113851263,349.1636179904989,,31.98902356695335,10.1248345198412,10.02989980333247,
2018-04-09,1.244546125919862,2.949827452535117,0.0136182673400297,0.0703413859072916,351.64132605159017,,32.18165861721315,10.25262460320775,10.2200038027993,
2018-04-16,1.1438042487748918,1.9325929260674448,-0.0690955742154762,-0.137280594410863,358.8521196453757,,32.306063303794154,10.627591372671358,10.323836949754812,
2018-04-23,,,-0.1435532210540177,-0.4368410212386902,,,,10.910964879535692,,
2018-04-30,,,-0.2385973468098214,-0.4158960006553572,,,,11.145645813573688,,
2018-05-07,,,-0.1896607172184523,-0.3929616230287204,,,,11.968280331556947,,
2018-05-14,1.2557983853965506,0.7627268172182265,-0.1915452327730655,-0.3941568635382438,353.4456135980996,,31.358618758068136,13.746648178078228,11.575294268350978,
2018-05-21,1.3094245074061364,3.984469833098887,-0.2762794853562496,-0.4644204957233624,374.5917692488547,,32.09717912296097,11.421095503084665,10.597462226195898,
2018-05-28,1.532651297875001,4.292541532059118,-0.3058604128110117,-0.5062460573395836,332.8548837581502,,32.20861024425948,11.024299299905657,10.211960785459764,
2018-06-04,1.7399036745813987,1.4628322772712803,-0.1825296370473215,-0.4460324158181549,332.17829272519737,,31.06039187203081,14.105483233834043,12.677001407003557,
2018-06-11,1.6853831252828864,1.1444267432059536,-0.2838954502622025,-0.381587978985119,335.2978021447516,,31.198434685316336,13.888971426940923,13.07561593634033,
2018-06-18,1.6323183338418172,1.4510870649199408,-0.2948992454953868,-0.44241104163125,345.82113864867944,,31.58985292477456,15.251195555124692,12.66142558564346,
2018-06-25,1.7365189154621998,8.281958920271254,-0.3309725160581845,-0.3805170297156247,332.9873010901465,,32.622456475687336,12.391710287662292,10.743386168704909,
2018-07-02,1.975611066590475,4.029806304899998,-0.1523816313440475,-0.2487564369235121,348.26583732518725,,31.688358838464453,14.070872056506824,12.93033062453646,
2018-07-09,1.7599938455412212,2.9530020680450884,-0.1543447849940474,-0.2354238285688988,299.3718755422479,,32.4307753388164,12.726945769861864,11.688675301024702,
2018-07-16,1.3323508293799111,3.6169476246633954,-0.1566356696513393,-0.2625384404471725,292.9437201446714,,33.0048623148332,10.467943353217732,9.962373004125444,
2018-07-23,1.4067135372400297,2.700775498467555,-0.1567081447883927,-0.2542863705558038,300.5731851461388,,32.89174430154702,10.643735816838692,9.6921426947878,
2018-07-30,1.7085407090626468,3.031675501986013,-0.121694391991369,-0.144304741605506,324.1006513103806,,32.53458708454165,13.604682668249408,11.240364934590325,
2018-08-06,1.799760772333331,5.09962295500267,-0.1162822171916666,-0.1550643192200893,337.0242377715773,,32.54932726017316,13.918845234094718,11.940383059591518,
2018-08-13,1.7966567047535706,6.340639418291108,-0.1713868735309524,-0.1654505395526785,366.3875484319747,,33.046372416862816,12.935557798829567,11.79072369096051,
2018-08-20,1.6642397650372396,9.18802259226216,-0.1249443051555059,-0.0754652512636906,336.14437585673886,,33.130650777322124,11.775365373757396,10.865153458673957,
2018-08-27,1.6938628224749994,11.325813076570208,-0.0710100012383928,-0.0874267868505952,410.35354661426834,,33.22176765439643,12.49697419715106,11.805850928293758,
2018-09-03,1.4514238769944934,8.306068344919789,-0.1588754725538691,-0.1925472694084821,321.19630210420326,,33.18594372299714,10.908529774851896,10.08648450667559,
2018-09-10,1.583786847396576,2.472916400359672,-0.048155031638988,-0.0300777765587797,352.78135443273345,,32.01260692152126,14.569019167511671,13.384064946540914,
2018-09-17,1.4488347452586294,1.7376982260671157,-0.0835055197099703,-0.0488310297812501,360.1624598559197,,32.58982440571578,14.083774471407557,13.749165476104787,
2018-09-24,1.3165562436373068,3.43379201512481,-0.0347807323643302,-0.0418166529398754,330.5234042278736,,33.006142339119364,12.302967509498306,12.383506330513608,
2018-10-01,1.3224825880711666,1.7173711449628717,-0.0331924468337797,-0.0197295984717261,343.8231730728935,,32.77120933120167,12.830767903108864,12.586610242708485,
2018-10-08,1.3221580093499616,1.6674843804964676,-0.1125740719366071,-0.1047539761055059,333.3922168314999,,32.86828603373128,12.536586534864968,12.400077487505955,
2018-10-15,1.327182169117484,3.02647874764558,-0.0610444126965773,0.0854846428516368,353.55653749213656,,33.06571847575939,11.89065191969247,11.61876254424212,
2018-10-22,1.1903363055026024,1.82998880419833,0.0671448677684524,0.0699456907974703,331.34034972368124,,32.948706135999984,11.53245706888514,11.460805212342407,
2018-10-29,1.133538806393415,0.5235659375778647,-0.0047534727467262,-0.0146842759126488,331.8762639689996,,32.91372876233854,12.240287435676162,12.062415711320096,
2018-11-05,1.0809771897306195,1.8283988458530909,-0.077951507460863,-0.0152194712947916,346.5349905040454,,32.92109896606532,12.222875899265812,12.1551776154988,
2018-11-12,1.1282032890506308,3.027598606447212,0.0069140838836309,0.0691850034543155,,,32.97033505445598,11.660599805721704,11.650169910493752,
2018-11-19,0.9864628042433428,1.1146652853350472,0.0685117149696427,0.0972469854119049,,,32.7322179524994,11.632114582213728,11.621427515063846,
2018-11-26,0.9449041166667388,0.8979592734570302,0.059103521578869,0.1152299932928571,,,32.99495410285786,11.122531450645832,11.12375810362753,
2018-12-03,0.8471123197902115,0.7762511633050581,-0.0173600789625,0.0746929344589286,,,33.01772992611666,10.602141174532871,10.607432068693306,
2018-12-10,0.8276472900137991,0.5618395241098951,0.1191942048916668,0.1678426549559524,,,32.86983717175688,10.924715473916438,10.926672472181986,
2018-12-17,0.8310690672127181,0.4810071990093379,0.1186686798831844,0.2147762124523806,,,32.810537972588065,11.408923813086016,11.413185271925146,
2018-12-24,0.7661945046053166,0.6394899064571065,-0.0059901057696428,-0.0884393914186012,,,32.668860119079625,11.47626388981268,11.487257049291962,
2018-12-31,0.8057968819346363,0.7085967879315104,-0.0262592362827381,0.0216252482894344,,,32.48765861898576,11.193510409194957,11.0576326609485,
2019-01-07,0.7782867364568414,0.4143591625033484,0.0742932579251488,0.1587245378938987,,,32.674023428361934,11.14178235019688,11.144649496078111,
2019-01-14,0.7701553509713521,0.3483048986110863,0.0582039680821428,0.1627755507885417,,,32.66461139785807,11.250267393001089,11.328238380732136,
2019-01-21,0.7754717545378704,0.559201519975001,-0.0336764791758928,-0.0231165405369047,,,32.547216688259994,,11.367842374125742,
2019-01-28,1.076776996497586,1.7084542711515989,-0.0190860281785714,0.0249222627872023,,,31.783989569742555,,10.82865253881131,
2019-02-04,0.8964773818730665,2.458189087760676,-0.0100309836124999,-0.0253465294755952,,,32.338314795246234,,10.575125857494948,
2019-02-11,0.7983574385322141,0.5994713324566241,0.1029170080232142,0.1878693212427082,,,32.59713592221654,,10.856496338838983,
2019-02-18,0.8785498411394734,0.6586969735380966,-0.0422553779255952,-0.1023338179011903,,,32.19553981014825,,10.406970615694195,
2019-02-25,0.9564181613305835,1.9207908240005207,-0.0285180145674107,0.0165221104522321,,,31.972953978540502,,9.792828156324548,
2019-03-04,1.104721971478532,1.4987181211687162,-0.0213262649485119,0.0243324636203868,,,31.52598415351254,,9.216158125609825,
2019-03-11,0.9359379521601182,1.514738303484729,-0.0588452083958333,-0.084767867150744,,,32.02208412270208,,9.577317955548503,
2019-03-18,1.0426667841629005,1.486031061663968,-0.0259037433888392,-0.0010287445424107,,,31.731309961716825,,10.169680318008783,
2019-03-25,0.7295088993341954,0.4313380333341944,0.0082103147833333,0.0808174262177083,,,32.190067728873096,,10.599082802002547,
2019-04-01,0.7709597650012081,1.0174378236065775,0.1062419564724702,0.1155061438813988,,,32.22022934707171,,11.031414399504015,
2019-04-08,0.8431467314288799,1.2785081893462886,-0.0080137337541666,-0.0396939648754464,,,32.25065782756305,,11.11397578283723,
2019-04-15,1.5827612398369568,1.1841814436186051,-0.1366455281025156,-0.0804893022394654,345.4602903774946,,31.370004064359534,11.634362895765792,11.454671538136694,
2019-04-22,0.699610202000595,0.6755072089161465,-0.3503203892507445,-0.6856731432688985,341.9368157158697,,32.10693749101787,10.97750671091602,10.772578607761014,
2019-04-29,0.7020801013782664,1.3110128557199383,-0.4115618993197913,-0.7167383426358634,351.4943029827105,,32.200131083015194,10.573844976563937,10.46743296782337,
2019-05-06,0.9458744617653646,1.763670046783322,-0.172325244760863,-0.4442842150632436,377.82597981614816,,31.923119262316217,11.394266863284404,10.731299654947016,
2019-05-13,1.3540077032991416,0.7491941537332586,-0.0651263251415179,-0.1953029153050593,378.2877917525391,,30.939044784811163,12.65401626882022,11.70812545094627,
2019-05-20,1.0495006265764515,0.2896285340616795,-0.2327504093505951,-0.2904786219099701,332.0355037469393,,30.95849953329953,12.762606251617544,12.629430991763703,
2019-05-27,0.9772578907772314,0.9797233441123884,-0.3252214400188986,-0.5388953305933037,321.1767750476643,,31.860068929100287,11.987296009136418,11.151531248499111,
2019-06-03,1.0387213872330363,1.7605004799611947,-0.2724478522360115,-0.5926188181977678,341.8507291120104,,31.888060698490317,11.821493518431174,10.830214340768745,
2019-06-10,0.9113298263619808,4.367410043958856,-0.2140303927933035,-0.4578609942556549,316.47955965790334,,32.6754242125423,10.167895525397158,9.741093891707598,
2019-06-17,1.0435562859951637,8.502192554664557,-0.2070242065824405,-0.432496550165923,338.6724010206262,,32.754012816631366,10.596428019216347,9.73634519597232,
2019-06-24,1.1570048964181905,5.60559340581069,-0.1668086330413689,-0.3192974143005952,375.8162526528102,,32.24221277996365,13.660671530451127,11.989180205352085,
2019-07-01,1.304933754660267,2.177549423315302,-0.1945871120723213,-0.3889685961842262,402.4152315513003,,32.378773077051335,15.079369241188914,12.192807600772918,
2019-07-08,1.1823651848143244,1.3139004245056185,-0.1477505318026785,-0.2621351188904762,372.3757895887197,,31.850183734885583,16.205810911315346,14.23173856159345,
2019-07-15,1.1829785758484752,1.5410957372643597,-0.1961161795842262,-0.3181834812452381,341.2905778128465,,31.96097853990196,16.11609135799935,14.568751240054445,
2019-07-22,1.4128377901361124,6.701922503875733,-0.183284573297619,-0.345666130402976,343.77827845188284,,32.457967196188065,14.003724394184408,11.482757308205796,
2019-07-29,1.3473805764725446,9.34036644572875,-0.1392399431427085,-0.1906950232763391,379.35604102660176,,32.43235871459908,13.637789185499674,12.110319880884523,
2019-08-05,1.4478185001047632,10.458229852892444,-0.1015707713900297,-0.2185978698864582,343.7789798893149,,32.696409599875416,13.859021441453235,11.239289268153277,
2019-08-12,1.4117207174644335,5.194591587672246,-0.1362133998729167,-0.246767162627232,392.1232891158323,,32.72989621689822,14.433657540026344,12.595582751400611,
2019-08-19,1.3981756945499226,2.786230047398924,-0.0737837291223214,-0.0860298884982142,308.54924588036675,,32.68356861054728,13.599356149870156,12.326366928410575,
2019-08-26,1.2617611004021914,6.280223183318951,-0.0254892038110119,0.0169125032467262,334.0423463686639,,33.0307271267893,12.052940349019112,11.31170447465982,
2019-09-02,1.4206698502204524,5.014844974271659,-0.051724612270238,-0.0606577946684524,404.73259293229546,,32.88409874777518,14.504088443661798,12.885164203709364,
2019-09-09,1.4657407371682678,4.7307771303268655,-0.0111569958434523,0.0342167639980654,369.801294324128,,32.54244460831506,15.792429321998052,13.843510331070092,
2019-09-16,1.144050248384599,2.184442046233221,0.0506569166876488,0.1752158515633927,323.53031766403313,,32.05387581899716,16.038236661972732,15.099987977591224,
2019-09-23,0.992155250348499,2.152492096372645,-0.0908390515046129,-0.1537311899583331,320.1584957787281,,32.04768537974912,15.8536627021096,15.640220976000572,
2019-09-30,0.960454076879539,2.3136963225190845,-0.1008748114499999,-0.1564683269665178,332.6155066580256,,32.26556754169942,13.92669335792966,13.52083164883036,
2019-10-07,1.19533446634974,4.755795140170576,-0.0532714233680059,-0.1465715352556546,358.15601143401483,,32.282729999272,13.002803265584946,12.635122822635724,
2019-10-14,1.1694657857245572,4.325719217149067,0.0159830812308035,-0.0166060301441964,334.30407153007496,,32.08386865815663,12.599562566317251,12.483609781745407,
2019-10-21,1.164744481207985,2.799222197314044,-0.0396030126394366,-0.0593732959676055,342.75567276126685,,32.1202525360227,12.738672479867668,12.7446671490764,
2019-10-28,1.217584421123055,3.8536179329089606,-0.0357821818308036,-0.1616312032709821,341.51132514149043,,32.2823062768897,11.02834755745008,10.900706206202711,
2019-11-04,1.173207276551221,6.535876782465442,0.0054834906523809,-0.0607421720247023,341.1850470813497,,32.65883675117866,9.807993046766573,9.5750702578979,
2019-11-11,1.2966434009870993,4.059273570497408,-0.173244449966369,0.0130690432633928,361.6035079553052,,32.14009586069868,10.86777215272964,10.268352564846213,
2019-11-18,1.2428322739838544,1.0350096854286135,-0.0374586049964285,-0.0476184023977677,331.1027745342369,,32.152604221523774,10.396025992000215,10.195163676312449,
2019-11-25,1.1880851317786096,2.1984845825138883,-0.0398963635755952,0.039697753922619,338.6523722734551,,,9.233777106340872,,
2019-12-02,1.0139816175104177,1.2133061136127976,0.0703770808111606,0.1718872735816965,333.92371881377613,,,9.41406855299371,,
2019-12-09,0.8749695459961315,1.1306629132675594,0.0613828498593748,0.1158528868276784,334.9206870229583,,,10.537472716210226,,
2019-12-16,0.8673906060172618,0.9994947832026776,0.0713131315255952,0.1899482298029761,333.1415774378213,,,10.393045835646603,,
2019-12-23,0.8518962654532733,0.7379466254678577,0.0343675005785714,0.0351397680119047,335.00370092217355,,,10.473245533023324,,
2019-12-30,0.8394943352572914,0.9549085118510418,0.0792572238781249,0.0485212883345237,341.3789972619391,,,10.40960833761329,,
2020-01-06,0.8381434561098858,0.5470898915310235,0.0892446614802083,0.0952901328470237,339.5692230935392,,,10.53656943989044,,
2020-01-13,0.8519212680318795,0.5291655086489926,0.0941730102491072,0.1425360337510416,338.6675259073704,,,10.37666361775429,,
2020-01-20,,,0.1218034304842262,0.2282338098513394,,,,10.531623470767151,,
2020-01-27,,,0.0641210701119047,0.1130091640686012,,,,10.542941552114238,,
2020-02-03,,,-0.0155132369183035,-0.082183253579613,,,,10.223682240172586,,
2020-02-10,,,-0.1071412062294641,-0.3066617919284222,,,,9.816806051938286,,
2020-02-17,,,-0.1109253217461311,-0.3085206013287202,,,,9.508040674621816,,
2020-02-24,,,-0.124258345542857,-0.4027548667514881,,,,9.5020343250704,,
2020-03-02,,,-0.0643558455526785,-0.293412905757143,,,,9.28253967427461,,
2020-03-09,,,-0.17867114520997,-0.4428931608989584,,,,8.994245369273713,,
2020-03-16,,,-0.2001988679675596,-0.4577458743032738,,,,9.061299562040707,,
2020-03-23,,,-0.0989825953433036,-0.1494881516864584,,,,9.17229934792454,,
2020-03-30,,,0.002372342197619,-0.0273307376058035,,,,9.544075905836234,,
2020-04-06,,,-0.0463045629258928,-0.2923345540708334,,,,9.696024147555097,,
2020-04-13,,,-0.0769338164111442,-0.1863852706534919,,,,9.82642615468223,,
2020-04-20,,,-0.2135258735498372,-0.2058415220364819,,,,11.03198851112096,,
2020-04-27,,,,,,,,11.873445243211378,,
2020-05-04,,,,,,,,12.545975303460276,,
2020-05-11,,,,,,,,12.752028967464035,,
2020-05-18,,,,,,,,13.3687979174986,,
2020-05-25,,,,,,,,12.498729165489788,,
2020-06-01,,,,,,,,10.451293999567454,,
2020-06-08,,,,,,,,13.114895641962296,,
2020-06-15,,,,,,,,14.180867402746673,,
2020-06-22,,,,,,,,11.787742258248096,,
2020-06-29,,,,,,,,13.597875144152676,,
2020-07-06,1.1766917259985743,5.341148170993555,-0.2465982381625901,-0.2988757909550362,354.8497509826333,,31.84689120340538,15.29368113204781,11.26317566706115,
2020-07-13,0.8350200674187856,3.7098604214593385,-0.2196493098186012,-0.3505004362983632,242.8070957484561,,32.80990728596425,10.125456572160935,9.549452569530803,
2020-07-20,0.8166429435988873,8.67181658726508,-0.1337649702544643,-0.2540893805220237,317.4653794166602,,33.002953161913105,10.245957139837037,9.774766213226489,
2020-07-27,0.9202889723798376,9.160611140138853,-0.0871629198409226,-0.1070236991313987,347.1238574127411,,32.941260970358336,11.066949212973544,9.83396953475432,
2020-08-03,0.9772960550187496,4.206524464571362,-0.1120667938778272,-0.1580959197058035,371.7718017593228,,32.569756312246135,13.566354143487608,11.1312328246814,
2020-08-10,0.7811913329207972,3.2712489508702327,-0.0878086480800594,-0.2464546516174109,278.0455501973536,,33.19280156307485,10.14299149189297,9.74381220843676,
2020-08-17,0.9471071646815084,3.7948518217352314,-0.150003165269494,-0.0993455340279761,311.6183019988504,,32.36437586579732,13.56608010745046,11.553194512929174,
2020-08-24,0.7899811189917778,3.623532701764185,-0.1122063861556547,-0.2106939076953869,264.06287918922965,,33.14313242972173,9.993684096336752,9.73201501990476,
2020-08-31,0.7208092655909594,5.924684805157985,-0.1401869158165177,-0.1651761158477679,271.5676970932659,,33.036859412772344,9.8240804998806,9.24736705041384,
2020-09-07,0.7552464264271203,4.633341012246322,-0.1143513044782738,-0.1213930973075893,271.4863822710913,,33.08522887846951,9.072847921034834,8.890866124273508,
2020-09-14,0.7705909719464646,4.108823675013914,-0.0308713747142857,0.0843629485370536,318.9406088554216,,33.16329922474835,10.857877581743557,9.907215306574116,
2020-09-21,0.7284628260485869,2.060591030357965,0.0053799680861607,0.1647532814971725,322.0540194455155,,32.98484565146724,12.212366502380984,11.757382315936605,
2020-09-28,0.7410694777828136,2.1804847163774577,-0.030824477335119,0.0589425403500001,337.54204126791035,,32.6013029523942,14.11206389126291,13.741601474937934,
2020-10-05,0.8021807150013768,2.134748968680318,0.0009526396208333,-0.0315365358559523,331.902621248698,,32.48769406696666,13.98853888719766,13.708229855332004,
2020-10-12,0.6882954913743299,2.523359783503344,-0.0180027222622023,0.0653150271873512,337.60207593925406,,32.51475391914226,14.35616626455789,14.22350882134315,
2020-10-19,0.7691192460737353,2.4278498074849364,-0.1201719951041667,-0.2131189858132441,341.94610127430434,,32.108000680631804,13.975593254395948,13.821559248348803,
2020-10-26,0.8371964485015686,6.288482451038166,-0.0371040177032737,-0.1187996649836311,357.59969330664285,,32.60080214964123,11.172926589988528,10.903405749793157,
2020-11-02,0.9732558924935996,4.84295262763936,0.0024958588312499,-0.0184793538925594,353.3149531978648,,32.03669797912665,11.632752084259028,11.349052049610863,
2020-11-09,0.818303016182219,1.995952154811271,0.040101009071875,0.1172362645642856,334.79202624938364,,32.46031978238793,10.482804069537965,10.462650965570086,
2020-11-16,0.5775161702948289,0.6336758741575528,0.0684924486495535,0.1560057672502977,316.47888892411345,,32.35060717109834,10.91739156624571,10.886767270914731,
2020-11-23,0.5399850639552068,0.6515368158723562,0.0012331107583333,-0.0487387762272321,329.1954446211243,,32.14030320787931,11.110372520629369,11.117008987032,
2020-11-30,0.5383464489419276,0.7482281653359382,-0.0044952178056547,-0.0482938954552082,334.3676300571468,,32.10167323649956,11.077378423407575,11.08290176414213,
2020-12-07,0.5040007849578534,0.8234580734162942,-0.0103704110303571,-0.0401854921188987,335.54132374452035,,32.145770410572474,11.016849593253786,11.02542019296859,
2020-12-14,0.4593087509183796,0.5592154416033468,0.0607371846135416,0.066576608060119,329.52916922671864,,32.26557079504884,11.093130704617204,11.094823318012049,
2020-12-21,0.5481728258398084,0.3867050366806175,0.0573295204620536,0.1394997079095238,332.8891987173607,,32.09470262484878,10.478627839868071,10.712443466437646,
2020-12-28,0.5421215429994127,0.4320818055370454,0.0782861812133928,0.1616368564415179,335.9318750250005,,32.16794666783293,10.456970660808429,10.411061307947032,
2021-01-04,0.5037820337666703,0.5812749536962803,0.0733062887907737,0.1613013832605656,337.55150255474786,,32.347520809403875,10.33111168377256,10.341580212420988,
2021-01-11,0.4673193155161137,0.4741366107822174,0.0515814399157738,0.1071052116840775,337.47283198736625,,32.40728741887754,10.455390052755384,10.468070175986892,
2021-01-18,0.7665928666464691,0.4752985635018971,-0.1809882574635418,-0.3119032515260413,341.2351249950576,,31.77221082391232,9.911120722302304,10.19206678089092,
2021-01-25,0.6424841420107137,0.5716021898179298,0.0710763674760416,0.2316582343313988,336.4633021261942,,32.02354097390209,9.799200938169276,9.808091180903885,
2021-02-01,0.4484553109179711,0.7555935046799092,0.0724763726894345,0.0893874714927083,341.74560305625425,,32.40378480005295,9.89386282833756,9.921623197347037,
2021-02-08,0.5712500836545388,0.7641759713186387,-0.0669067996470238,-0.061796240325744,349.38683352905565,,31.921971489981985,9.38647965218268,9.624761153343602,
2021-02-15,0.5667365742126493,0.5130658190281241,0.0379014791450893,0.0150975722900297,347.7523419770434,,31.983893113082143,9.638128045042023,9.651072105569638,
2021-02-22,0.7182120347691223,0.7390044736207232,-0.0230477931578868,-0.2686456926452378,356.6809903367504,,31.104582396728432,9.3573548404868,9.362699056238696,
2021-03-01,0.914701184178388,1.434940900655058,-0.0421528464962797,-0.1696555662758929,362.7497226066432,,29.949400230852955,8.986933674130986,9.059311321695398,
2021-03-08,1.1394511643899183,1.1990788520131686,0.0057362776166666,0.0481473113866071,363.2430826401127,,30.680938388409203,9.21773558531873,9.2264394552625,
2021-03-15,1.2775921959370902,1.6088226186602337,-0.0070444218325892,-0.1455205777574403,373.3995813525248,,30.450091097499403,9.141508432471948,9.076155419147623,
2021-03-22,0.8749081128586282,1.3351140044282022,-0.0972776994084822,-0.3039079409605653,370.0990430428535,,31.1313397464394,9.316530429763676,9.28932155059792,
2021-03-29,0.9073320206243644,1.8655702998842805,-0.294308012739761,-0.6965903507058296,373.8861805066453,,31.23121524636093,9.305328382696905,9.114627945559882,
2021-04-05,0.9408899957829628,1.490577370735901,-0.2487085812497023,-0.6252471636744046,368.32782749752505,,30.90356691559152,9.3773565900339,9.144517970029476,
2021-04-12,0.9995202050368692,3.403132313805478,-0.3371303661645831,-0.6476629647684525,388.5160722205149,,31.643132888214183,9.387047164534,8.879227365974554,
2021-04-19,1.1618031402768612,2.172492740899924,-0.1351447921711308,-0.4056143893337799,409.0646292492435,,31.397451423625004,10.118409270210282,9.422429024384217,
2021-04-26,1.0571665821038705,1.972018256314845,-0.152601506703869,-0.2873077749394346,396.7401655091063,,31.10782073218572,11.338404766718211,10.670647537411464,
2021-05-03,0.99941670467764,1.007010305160754,-0.1372267664793153,-0.3720062494944942,376.2916033692128,,31.41076059822962,11.41011180707388,10.767145287350136,
2021-05-10,1.0074423602999285,0.7683429522767471,-0.2960687403962797,-0.5790936851644342,248.67256419012,,32.6029655991429,9.07429811349002,8.971224930379467,
2021-05-17,1.1153353119571432,5.089037438340791,-0.2204661697434524,-0.3716659096160715,323.9715284710376,,32.2641297621639,10.506467557709964,9.49072046983557,
2021-05-24,1.1495356411559148,3.804970483258369,-0.1013726018447916,-0.2364233700372026,365.7699610011234,,31.811772182234964,11.57772271831771,11.027318616462512,
2021-05-31,1.1404163174960966,3.410399421018008,-0.2007740848785712,-0.3712180081095235,320.4847366086758,,32.46082023670332,11.726087537298316,10.156443455044805,
2021-06-07,1.2638646569915957,1.361436348142932,-0.0371009544183036,-0.105927175405357,343.9836786062312,,30.773791662744586,13.835933177456194,13.061182789672015,
2021-06-14,1.122693505550448,0.6790085527874248,-0.1275609974186012,-0.2876319835738094,312.00388407069465,,31.75646081142948,13.331306563801837,13.177481610008034,
2021-06-21,1.0706324885606775,4.012798426136901,-0.1557334045770833,-0.3620516586709824,270.04099833469434,,32.8683754418973,11.80198057565158,10.55297110559509,
2021-06-28,1.095585284907033,6.577414094726039,-0.06234930185,-0.071718308723512,377.3385880459876,,32.2034589804994,14.69300115882866,13.740471153222334,
2021-07-05,1.2415719813422983,6.763098179049967,-0.1015852901925595,-0.1337129960616069,352.9739711816137,,33.08347852670011,12.116506782374394,11.66743159960939,
2021-07-12,1.0161476227923747,5.505147118185946,-0.1137818136796131,-0.2440200526010415,239.45342376448255,,33.25238611902013,9.914946658963984,9.080609241905508,
2021-07-19,1.1749733263687756,7.463600222425497,-0.1375531182784226,-0.2754363837705358,263.4595096485006,,33.0428059800241,11.010161907048571,9.463106856752535,
2021-07-26,0.9883563832711328,6.063700255694788,-0.0492246746665179,-0.1294632934830357,256.25990484403025,,33.43602243705509,9.18120446290283,8.770546844271726,
2021-08-02,1.0371884718762276,10.606091117687509,-0.012149534603125,-0.0471721736108631,345.71695161720453,,33.44001275480966,10.40750793228009,9.51348571388914,
2021-08-09,1.1147732678973197,11.910621351371436,-0.0714464113997023,-0.0941496252961309,351.24319094163576,,33.39257307825581,10.95351963431133,9.751854288091817,
2021-08-16,1.204598508297546,11.059737169305984,-0.0040143482349693,-0.0160463313791411,343.9351028189009,,33.375425941687105,12.530625095159406,10.035153109244172,
2021-08-23,,,,,,,,12.010804025272764,,
2021-08-30,,,,,,,,9.65968365071997,,
2021-09-06,,,,,,,,11.700652728899772,,
2021-09-13,0.784019755100907,5.277444364479188,-0.003202151107483,-0.0445954342557823,323.2925364703578,,32.719311331985075,10.60733899496314,10.008702317322223,
2021-09-20,0.8660964882726591,3.955742248352611,-0.0851480266770833,-0.1281594370029763,371.682642491584,,32.80099765164124,11.499395477861713,11.41423149754494,
2021-09-27,0.9025899788688982,5.083204262712362,0.0045032297577381,0.0204971076058035,367.5571485208253,,32.39261498129037,12.57875186159203,12.292610619938236,
2021-10-04,0.8837699932668173,2.219393083824816,-0.0224036537775297,0.0585426952334821,359.7743012140241,,32.70800506160579,12.61308484518792,12.558044959961606,
2021-10-11,0.939928883338666,5.07227743371086,-0.0280853049837797,0.0546011054386904,368.3783583145739,,32.53068739389643,12.478537553871105,12.41010418544078,
2021-10-18,0.9095384350073256,3.119458304163022,0.0357676597455356,0.2063264651242559,346.82897672997325,,32.31022892440579,12.380642503913142,12.455344663789733,
2021-10-25,0.6900060703570298,0.9007284272263776,0.060651319239732,0.1202370341025299,318.95686698132846,,32.162094639057585,13.414208663084462,13.37605203126162,
2021-11-01,0.6820339797165547,0.9503170049082208,0.0687094258584821,0.1103386882839286,323.0633618531709,,32.26872426404433,13.086407479638677,13.094233308702242,
2021-11-08,0.7710180153873548,0.665004042852938,0.026526113238988,0.1013786898797619,329.0932253066791,,32.38243308827292,12.204391866354898,12.190561414067853,
2021-11-15,0.8186646631994426,0.5145895146064356,-0.0183837187510416,-0.0006923511446428,329.08037960852863,,32.09084070710237,12.242923811977256,12.276013467483624,
2021-11-22,0.7735629792422639,0.8541612033548011,0.0185509784407738,0.0173777123224702,333.07475859341577,,31.96015996030983,12.0391772895574,12.065299327290033,
2021-11-29,0.7385088069434164,0.9978247635369064,-0.0231475437970238,-0.1677916086467263,337.6038046574162,,31.934928288446116,11.94062034005069,11.95600628281636,
2021-12-06,0.7145907079650933,0.8402661177789429,0.0466772497758928,0.0248890245014881,338.37155454915603,,32.01445260883036,11.506824798433293,11.509935164939275,
2021-12-13,,,0.0605422977211309,0.2348141186172621,,,32.177821904476886,11.059136029766751,11.002255942835266,
2021-12-20,,,0.1351676334215774,0.1788665369306545,,,32.40977676020819,10.912191763411776,10.900225178169958,
2021-12-27,,,0.0250646621909226,0.0584309482636904,,,32.31837813573436,10.202189112608446,10.204875701637205,
2022-01-03,,,0.1421336612278274,0.2542895150921127,,,32.471472536084555,10.353126026620515,10.354093163650452,
2022-01-10,,,0.0287179983619047,0.0462668289916666,,,32.449629970794774,10.322728783085708,10.379690556742846,
2022-01-17,,,-0.0192521594510416,-0.0512893242605654,,,32.16562129860342,10.117533146236196,10.250331263991365,
2022-01-24,,,-0.0508883166166666,-0.0743387005903273,,,31.547903608792456,9.627661957594462,9.70808112976146,
2022-01-31,,,-0.0457552224355654,-0.1510430291581846,,,31.920502113875926,9.586432561337634,9.710272742050744,
2022-02-07,,,-0.1029327203305058,-0.2961830278357141,,,31.914814566412467,9.608321603351616,9.579809973900447,
2022-02-14,,,-0.1069476146802083,-0.3303339313249999,,,31.717351661136792,9.496889312445669,9.533843995503563,
2022-02-21,,,-0.218768634547768,-0.3715535145678576,,,31.915546819710865,8.712981621375947,8.854709198351786,
2022-02-28,,,-0.0031258866053571,0.0050361091522322,,,31.74058123375708,9.16182585263702,9.15812222152857,
2022-03-07,,,-0.1133566823915177,-0.3499184409706848,,,31.08617978693854,8.981835010198331,9.00074180093929,
2022-03-14,,,-0.003562201690625,0.011787205981994,,,30.965538979151503,9.268066820729231,9.23519145050951,
2022-03-21,,,-0.0274438362714285,-0.0740908194928571,,,31.40453938128152,9.787936447260964,9.65852801726606,
2022-03-28,,,-0.114272587805255,-0.3083075633431222,376.7771358119925,,31.12249671633209,10.354780110364931,9.917222163134095,
2022-03-28,,0.904376459210042,-0.114272587805255,-0.3083075633431222,376.7771358119925,,31.12249671633209,10.354780110364931,9.917222163134095,
2022-03-28,0.6111236505570187,,-0.114272587805255,-0.3083075633431222,376.7771358119925,,31.12249671633209,10.354780110364931,9.917222163134095,
2022-03-28,0.6111236505570187,0.904376459210042,-0.114272587805255,-0.3083075633431222,376.7771358119925,,31.12249671633209,10.354780110364931,9.917222163134095,
2022-04-04,0.6350793195601534,1.4805889218776425,-0.0434071169566964,-0.2210600369660712,368.7723126782464,,31.047459061323668,10.173627681770135,10.053471954301326,
2022-04-11,0.7282949888941568,2.881484120918335,-0.0893884523617559,-0.4236600053424107,381.6234470161203,,30.9027148303314,9.483120533492858,9.449303399376191,
2022-04-18,0.7377530711471685,1.273455716300075,0.0426093341669642,0.0123468567348214,367.4858579833445,,30.054246420448628,9.901207351400735,9.701908071601787,
2022-04-25,0.6910750200675932,0.866210920252752,0.0297004521154761,0.0619813608880952,362.9258120336273,,30.64514762390373,10.884706452346665,10.537440475953726,
2022-05-02,0.7059650598735874,1.1710175048125997,0.0043674228751487,-0.088824012893006,356.6074847552444,,30.568685770249097,10.939015968451974,10.740118810288088,
2022-05-09,0.6783962643973555,0.8430804051485875,-0.0007935163110119,0.0795936534446428,352.5235286526112,,30.830630451027087,11.07209454651844,10.9960181104744,
2022-05-16,0.6353720322101182,1.1110793459212407,-0.1138786246555059,-0.2278901834974703,353.9754941772832,,31.06113873510744,11.4342288722126,11.295689473227966,
2022-05-23,0.6988078342491812,2.4234258609024906,-0.2118259740497024,-0.5097500792218751,371.44455022074646,,31.010200191753626,12.04956121255449,11.181679966153265,
2022-05-30,0.8294991780037962,3.435101049243423,-0.1254469576519342,-0.3011611559811014,376.407796428598,,30.20572175720712,12.872245335199809,11.681383110377675,
2022-06-06,0.7728265505622007,0.9115641137619802,-0.0483869660245535,-0.1056585062474701,351.29702188674884,,29.940048991890347,13.49068234023603,12.89206840685922,
2022-06-13,0.699054475851114,0.6841373700011528,-0.0719269012776785,-0.2986963630879468,335.0437933656141,,29.81086260909777,13.942601392761128,13.394581453801347,
2022-06-20,0.7282251096871982,2.540663337493708,-0.203380967406994,-0.4272958592559522,302.9281033658764,,31.89849191040539,10.91599256197608,10.433591372437071,
2022-06-27,0.8693650854139146,4.998801306207338,-0.1633951997763392,-0.3557168097961311,350.5787548727424,,31.110541618250203,13.057141217762045,11.876418169276343,
2022-07-04,0.9909064900587784,3.2455909673600645,-0.1860815428821431,-0.3752996967141369,345.5607885817067,,30.790475217656656,15.310723805258792,12.072962069686309,
2022-07-11,0.8279278588033108,5.960319557552789,-0.1843775832502977,-0.2836927745770833,311.0033176875461,,32.47786016369404,11.393501972238615,9.995535892804464,
2022-07-18,0.9012767223927444,12.175058053023756,-0.1838882461459822,-0.2729141742279762,355.70000898568816,,32.61964301050045,10.99611361244766,9.915326345960116,
2022-07-25,0.9011720311724694,11.383489964633576,-0.1059336828941964,-0.1260289998748514,330.1632502066155,,32.789765017526165,,9.599740111779605,
2022-08-01,0.939532675891185,5.564256873120648,-0.0990902357211308,-0.0765569460733631,392.4740265162037,,33.01988504008508,,10.666276723448975,
2022-08-08,1.0660228566095629,11.80907972913504,-0.0043811544489583,-0.0662490941665178,390.399340023736,,32.68121891568276,,11.557480567184822,
2022-08-15,1.0498643061343398,5.387380518077758,-0.0837017341224701,-0.1114272643383927,370.9714335823908,,32.754923651569015,,12.570380060796436,
2022-08-22,1.6742479626157414,5.868165686740174,-0.0455462689494047,-0.0509230370177083,358.44204179168526,,32.84662328279891,,13.36367383500223,
2022-08-29,2.476487528779055,11.965272201449917,-0.0102072112677083,-0.0522392730483631,371.5755185303461,,32.651301886961306,,12.097573764581552,
2022-09-05,1.1872603204122043,5.330698655387851,-0.0684651712220238,-0.1480367464418155,316.3834778844134,,32.86275374811607,,10.88939163640074,
2022-09-12,0.8690520716308023,8.85573002800992,-0.0304809933053571,-0.0322643120842261,349.6176293745298,,32.81903646260925,,10.47403499043824,
2022-09-19,0.9141918442488852,12.289003163161704,-0.0578670709931547,-0.0407584584949404,424.0671584223445,,32.900798558383485,,11.485485020946587,
2022-09-26,0.854051698587463,5.346956171614106,-0.005202380857738,0.0051926785345238,378.3474796645168,,32.665135515095464,,12.760458115355974,
2022-10-03,0.3930866782936041,1.0581793381534128,-0.085348530706677,-0.0751403155545031,283.62026551670414,,32.74189252436554,12.977537734024974,12.733025633071932,
2022-10-10,0.3864018459469517,1.1978340332140602,0.0080021439824404,-0.0066762584017856,282.90275915116246,,32.76911042171237,12.070269490731832,11.895041740786606,
2022-10-17,0.3800122736986261,1.4325269817890989,-0.0313877543898809,0.0076187295380952,280.9126998479896,,32.60976041289435,12.307197251247285,12.197710400778428,
2022-10-24,0.3828152813580773,2.497120113263137,0.0441656758049107,0.0580408976047619,286.05810684032883,,32.55035335736072,12.213816565085844,12.143524064196418,
2022-10-31,0.4714392369685648,1.52695551253668,0.0547064105843749,0.0436817676857142,287.01644591531783,,32.257353981567256,12.38064097677003,12.36727186918245,
2022-11-07,0.4646013284184559,1.048974261963581,0.0575417275558035,0.1936478887013393,293.9032890406187,,32.377761905272465,11.720317658640134,11.718191047154171,
2022-11-14,0.3867389635448701,1.4301581180124632,-0.10036495679375,0.1516522517556549,303.88068080345766,,32.29509267242487,11.166922967713814,11.160893820810406,
2022-11-21,0.3649947198359795,0.998669856701786,0.001750808375744,0.0827148934129463,302.1163787486827,,32.37435865353258,10.758360455794644,10.748049402919202,
2022-11-28,0.3534622173498917,0.8583779298025238,0.0642334176638392,0.1508445826019344,305.6672256831763,,32.43824876093244,10.236045969145358,10.241853916280787,
2022-12-05,0.3248331201375022,0.6701031174844125,0.1100982826339285,0.3186798956358628,302.209053276618,,32.513031198844935,9.969989166564618,9.970873802550146,
2022-12-12,0.28825330754777,0.8960400792354883,-0.0228301222625,-0.0597337463330357,305.3969144350559,,32.33482044165636,10.017509590754992,10.06408536172798,
2022-12-19,0.2893532926087448,1.0477759077475028,0.0453101017626488,0.1276157069886904,309.3107964457767,,32.357321231956696,10.03165353617299,10.039456038242852,
2022-12-26,0.2963362952032994,0.522136241885504,0.1215121901352678,0.225529488411012,301.51399160523783,,32.41694287818751,10.233702778707244,10.219986328297471,
2023-01-02,0.2751934947678222,0.624182086806695,0.0653378916909226,0.2336874211319941,296.1542178088299,,32.38107658341206,10.237787209428763,10.2398011925189,
2023-01-09,0.2734805325642129,0.5512129981690477,0.0934305174581845,0.311194915931845,300.8180350712988,,32.27169535789054,10.779834024487869,10.781100025418594,
2023-01-16,0.2518859268123913,0.5923975016376862,-0.0104806534876487,0.0606704963566964,298.34135571812834,,31.7861772397872,10.569517814122332,10.601343749467118,
2023-01-23,0.2764855382379109,0.9518400973838924,-0.2076864267800592,-0.2871707374982143,303.4089897401309,,31.624443343419905,9.978881467572243,10.316294162097464,
2023-01-30,0.3082375007099354,1.167720296627571,-0.056614366967857,-0.1657251741470238,312.3709728644964,,31.829623353677366,9.63711697452705,9.76428869481621,
2023-02-06,0.2398748615955377,0.7848432293415539,-0.0373735523406249,0.02236004625,306.53697977899856,,32.08129015861651,9.963183725285129,9.973083812866518,
2023-02-13,0.2419198989449035,1.0582311165912937,-0.1906235913470239,-0.4194286967950888,310.3956551532532,,31.884615486025744,9.482766710331754,9.590802402704773,
2023-02-20,0.2764630316242591,1.3367661846104923,-0.1543277957035715,-0.4516183914930063,316.9866929771941,,31.347084813076645,8.838396053084146,8.940999494432454,
2023-02-27,0.2479241173899569,0.8029853120550609,-0.0192735345779761,-0.0477938113355654,310.03588831948474,,31.92469327559256,8.690525495343262,8.689888633931709,
2023-03-06,0.2358991174704251,0.5947400263453134,0.0518740868011904,0.290446285292262,308.54707443958114,,32.13231970454201,8.594471726341581,8.592813459969795,
2023-03-13,0.3034484967269164,0.7824178433435353,0.0596276992424196,0.125711166775804,326.4794331891047,,32.18699209565125,9.065719900050388,9.009002308069268,
2023-03-20,0.5286246031412897,1.1366104233615315,0.0502699553717262,-0.0045064349066964,363.2935925266388,,32.02501973669556,9.057183132029516,9.070614415635852,
2023-03-27,0.5739709825640615,3.2402967331181496,0.0492914366947916,0.0899640369641368,388.0752991565725,,32.04531579902128,9.033995536999823,8.975186910507885,
2023-04-03,0.5643379644631703,1.9890109918398384,0.0705055743074406,0.2083460370857143,365.11613517034175,,32.0798181214445,9.18120114617992,9.158896454038103,
2023-04-10,0.5102268798130549,1.343212572635863,0.0334400965510416,0.0216795687697916,361.1615508139778,,32.153472346475105,9.459622311540835,9.3912300653509,
2023-04-17,0.6058154547603062,1.4363431725577782,0.0447742886800596,0.071507796311756,361.8363048380414,,32.13475227185014,9.513006776011798,9.423943332150593,
2023-04-24,0.605609263324702,1.1295654863119426,-0.1221047311476191,-0.3191701524550591,360.6522402883396,,31.82701610119688,10.07319827994596,9.852002090906256,
2023-05-01,0.6396196100479954,1.2956791298263917,-0.0640147248299107,-0.2327312521376486,363.46725100656073,,31.507220826625776,10.86772040711101,10.695359245023798,
2023-05-08,0.5660355047746787,0.3966312196254461,-0.0868913850691964,-0.2622864369065475,360.0420667037794,,31.53171292201117,12.121936547448003,11.645899998321276,
2023-05-15,0.5335105556882684,0.3514101903328114,-0.0665925669599702,-0.1503076651958333,350.0933660454365,,31.50996549400206,12.963500808500925,12.50677557120819,
2023-05-22,0.6016575485507453,3.004384185532066,-0.1986330276083332,-0.5049494229622029,372.38539748451103,,32.15444857828094,10.804578728090998,10.180480012821285,
2023-05-29,0.6427912261587432,5.994863722727574,-0.2412838462465773,-0.5343970530107149,356.32135935765166,,32.5653817258339,9.832042394059178,9.452122040721868,
2023-06-05,0.7189082834093361,3.3997001650344507,-0.242601437965476,-0.5113949973392857,339.75149183971433,,32.49731661960801,10.590729154774357,9.744125033623806,
2023-06-12,0.8422871836389896,3.7208573972830745,-0.189151128982738,-0.3836308095563992,360.0447547418836,,32.39157783900164,10.609125203270276,10.02795388429628,
2023-06-19,0.8697793148515616,0.9681107399000368,-0.1792705053284227,-0.3274640394584822,310.4967450418708,,32.17645011355374,11.840026583574335,10.70675452418661,
2023-06-26,0.848189980572433,5.257350616341296,-0.1953990397145833,-0.347844307345238,319.8224108762062,,32.604376307498804,10.725392630264778,10.089396927304014,
2023-07-03,1.0373276080790903,5.248594675077541,-0.1226351424633928,-0.3468093507961309,313.3042847687209,,32.81555880222946,10.856444817495223,9.510623058117712,
2023-07-10,1.3628846316263736,6.473267766994067,-0.2266232434050593,-0.3699061079788692,342.5876419850501,,32.66905175290064,13.122021264576649,10.29643599526532,
2023-07-17,0.7685845816572558,6.734381897619151,-0.1611369269647321,-0.2719961232465778,325.5581771052466,,32.78618989988051,11.513230578576296,10.161523219721571,
2023-07-24,0.8248771301012263,8.609915246537017,-0.185396129346875,-0.2835076109785712,357.2484104230181,,32.75285174691355,13.397126463221491,10.665200042059377,
2023-07-31,0.9067930195325896,13.767697960234146,-0.1458333560224702,-0.1999151369395834,371.6383826611929,,32.87296309678487,12.46492793937892,10.402087815747477,
2023-08-07,2.294313478910825,12.5411046846599,-0.1113275391540178,-0.1856217780958336,420.2521238916317,,32.81120481110385,13.452958273898943,11.570282284275889,
2023-08-14,3.031861723311281,15.837415524664534,-0.1261315709034226,-0.1536962734433034,371.533555824657,,32.93675908674731,11.780786253496233,10.59260225669955,
2023-08-21,1.868836978378273,14.623905682082226,-0.057773707028869,-0.1494404111848214,383.9363160893646,,32.87791017070688,11.281660112917946,10.445228247731396,
2023-08-28,4.272332262860191,6.081648546034944,-0.0784646803892857,-0.1820695718285714,386.5342072936109,,32.853354065689146,14.07415855541175,12.289203580651623,
2023-09-04,4.748925469808866,4.69532261875748,-0.0859944285915178,-0.1171575610607143,386.30245784120433,,32.99846632623676,14.79843568372412,13.69729419646055,
2023-09-11,5.564979879312912,6.337341679121672,-0.1185230052290179,-0.1940145373855653,356.8000917639717,,32.833002437400374,14.179393038959674,12.658816591930062,
2023-09-18,3.0516632623374584,5.447699328209439,-0.1079267615549106,-0.0764420373552084,378.29022573831946,,32.62940846931669,12.644204844950767,11.64496628523214,
2023-09-25,2.1400774680712744,1.6340794345570822,0.0534611003286786,0.1009936859243247,322.1158173931572,,32.61786773316498,12.803890163807225,12.74452786263109,
2023-10-02,3.910038538273847,1.2726922043981408,-0.0252231951294642,0.0210337373947916,341.18739793132784,,32.83881135651353,13.106279280981036,12.977008676389424,
2023-10-09,3.385317457435037,1.660568733847211,0.0762128508697916,0.1164604279178573,330.5693240812727,,32.564153398630026,13.68140039803516,13.61878881995998,
2023-10-16,3.1285367478614563,0.8728156796051328,-0.0017042479151785,0.0774795647001488,319.41197333960525,,32.47498047857248,14.143518749493884,14.062786553318617,
2023-10-23,3.3390637635825744,1.235872048989215,0.0183514103489583,-0.0623199600516369,321.2629450568606,,32.44814321061688,13.76961011782626,13.767306761994783,
2023-10-30,3.5558294191513005,2.1176474233529743,0.0723388032491071,0.1205654177139881,325.9119286324872,,32.42770324299793,13.307606943449125,13.255841760820823,
2023-11-06,3.602324111791599,1.721982820448887,0.0676527962875,0.164926835973512,327.3855495891624,,32.72180998719138,12.690351317754418,12.684336728752514,
2023-11-13,3.1965744192373102,0.7821150035792056,0.0401635064724702,0.1466529515474702,322.64479637228783,,32.725333726470694,12.668459381497298,12.665059711711448,
2023-11-20,3.1863525233304286,0.773240735567819,0.0162899389026785,0.1084273080537202,323.74302754059056,,32.71066635983558,12.382917383513234,12.394020932113088,
2023-11-27,3.053811891561492,1.0080957983781986,0.0886185061700892,0.1141193571647321,324.8938684523671,,32.63821362839659,11.92131307583977,11.924330180443306,
2023-12-04,2.934948532778685,0.828901759497992,0.1532167758452381,0.3415803667044644,321.7750043304258,,32.513404950841625,11.972914279182968,11.974322841462657,
2023-12-11,2.8074688019824454,1.2381892596710204,-6.2976090773e-06,0.1680354321772322,327.4159011418443,,32.38903375058055,11.862883173607203,11.979830639797626,
2023-12-18,2.5798123500368297,1.3090534210279,0.068046898025744,0.1033893689546131,327.5452854386127,,32.35135149660925,12.141651703021871,12.14503165687842,
2023-12-25,2.743115997222377,0.8307440587942336,0.1095594968391368,0.2352618418525295,324.668020769783,,32.29030567207837,11.986534615547992,11.990741692680515,
2024-01-01,2.3294712617615376,1.005809548,0.0670794084305059,0.0618281936876487,320.44518241676457,,32.39465892749446,12.088707532674189,12.099210347038248,
2024-01-08,,,0.0317647198360118,0.0594519921614582,324.33588655342845,,32.18345096667935,11.384411509264751,11.447652417090328,
2024-01-15,,,-0.0053672385892856,0.1250963366199404,326.7156051973333,,32.03252950100456,10.953799500257258,10.971747776580806,
2024-01-22,,,0.129950113073363,0.2577575696116071,324.2256966100024,,32.42575641611339,11.365797847016877,11.370275295378727,
2024-01-29,,,0.0597472650961309,0.1399756819788689,325.11542922529856,,32.353971528389934,11.583684419319155,11.588222615382444,
2024-02-05,,,-0.0162195164348214,0.0023775898175595,335.361624450121,,31.67629261198527,11.01532467779075,11.200298025417258,
2024-02-12,,,-0.0324340448803571,0.0395839480977678,333.32603772148406,,32.138908217647646,11.249254165670528,11.270324019771287,
2024-02-19,,,0.0383209447450893,0.1051982667877975,343.4597456067657,,32.032280017395664,11.408999179496307,11.394149777050004,
2024-02-26,,,0.0849718057508928,0.125226448304464,337.0491054517669,,31.937377726380824,11.245413259725032,11.25477968876264,
2024-03-04,,,0.0275589812275297,0.1515755521114584,337.404136900855,,32.0341805099317,10.792928149373855,11.088168682219363,
2024-03-11,,,0.0402688480944941,0.0669344798876487,344.3785847332292,,31.91901839195878,11.3262979179138,11.251398726377063,
2024-03-18,,,0.0040749611245536,-0.0719004983482142,347.09451634640203,,31.73809371702932,11.272899304590624,11.267510468389125,
2024-03-25,,,0.0048559978065476,-0.0657974794352678,340.2299755186036,,31.771129241066557,11.22138719814159,11.212399616523676,
2024-04-01,2.367837256708333,0.8899655949333334,-0.1227841997050595,-0.4112529285144347,350.86757037186175,,31.631867585089264,11.370899799891932,11.243015962011604,
2024-04-08,2.4464168737915166,0.8207186487193842,-0.17870192020935,-0.4035623909275747,358.36738505248974,,31.41517845773139,11.209704989430769,11.115543929629672,
2024-04-15,2.3852027324220324,1.2080609850560269,-0.2284784665272323,-0.5668625862764888,354.6214738984074,,31.90617727392858,10.81815565360933,10.715731405214292,
2024-04-22,3.3124003247651888,2.415488730228497,-0.1452861248500002,-0.45370666620238,353.5992048830646,,31.158002333773645,10.803313886929898,10.72621533521458,
2024-04-29,3.374080947426407,0.5994033527559901,-0.068914158483631,-0.2629697259906249,349.5828191824529,,30.34190512317144,11.443363595293183,11.381001829753576,
2024-05-06,3.070031895616514,0.5096909978497388,-0.2155181174822915,-0.4496971781111606,341.9293872491035,,31.09572010020044,11.718815970042389,11.165513458628707,
2024-05-13,3.016681990142449,0.5808411760264525,-0.3595979872811014,-0.6700317736351193,272.58466813414327,,32.404568160853856,10.33262708414128,10.029848383977818,
2024-05-20,4.204726105883215,1.6164541192892885,-0.2685711871248514,-0.5257116123312501,324.2778149739613,,31.699599896684088,11.72719622727388,10.72152972332633,
2024-05-27,4.339744622469635,0.9729326771128995,-0.186174421700893,-0.4133913712337795,370.1782040463978,,31.878237590635862,12.000159819920816,10.945350735126947,
2024-06-03,3.876758061189716,2.107693894205726,-0.11013925320997,-0.3313867176069943,342.4529093721724,,31.892776686459356,11.864556645022189,11.58987308932263,
2024-06-10,3.604843141427937,3.60720672515249,-0.2091686230529762,-0.4701580650953867,319.7256620441364,,32.317238578169935,11.35724295538553,10.498423990999267,
2024-06-17,4.148626978297778,3.992290041787895,-0.2591944749340772,-0.5106593292508929,337.08983769146465,,31.994345391228563,12.030316966488629,10.981975812915476,
2024-06-24,4.449509268058769,4.963951712556821,-0.2009364827525298,-0.4064425691342263,357.7683851251075,,32.20469806392515,13.583526293151904,11.782404625536016,
2024-07-01,3.3970062025252434,1.6333641019530944,-0.2169764996223213,-0.4042206981556545,232.89319605042405,,32.69616599030194,11.31896201203565,10.493530443340482,
2024-07-08,3.3511890270214724,3.3741604980330826,-0.1437566870955356,-0.3137640056136905,242.76557683584824,,33.07299491626662,10.338587807062009,9.803801754906688,
2024-07-15,3.2827352933386504,4.301253445653127,-0.1074476703101189,-0.1385266403327381,259.72327655705914,,33.17793830797856,11.080126409030694,9.67233408659345,
2024-07-22,3.658839392461271,6.869956041107336,-0.0956084695855655,-0.2313576271361605,312.7984236169727,,33.07298858622147,11.03706653942213,10.35567875041443,
2024-07-29,4.149642789598256,8.785231529211893,-0.0508132380793154,-0.1091400698592261,345.9698228462029,,32.67155100956696,13.883757245258256,11.939628480024856,
2024-08-05,4.201199865896912,6.268264089864198,-0.1155667762464285,-0.2011927008267859,306.15542514173075,,32.86299327707248,12.696625356985944,10.717921168370095,
2024-08-12,3.851087438558769,4.210904757782145,-0.053754649468006,-0.1282985610379464,299.30816974171995,,32.90583755422992,12.62203680079194,11.044105602222178,
2024-08-19,4.516378724566881,6.298365358938634,-0.0575536103532737,-0.0602512510943452,385.7300182681434,,32.540179909938395,15.132390108074205,13.473286452611154,
2024-08-26,4.572565459169216,5.480426949191727,-0.0835597323686012,-0.0665579450915179,370.7282895331405,,33.0678547212061,15.04563801832243,14.146557371951054,
2024-09-02,5.229857821265325,5.33086828356853,-0.0450664448977678,-0.0295292977949404,372.0264537851471,,33.11008296542414,15.156887784346669,14.527969423482736,
2024-09-09,7.344216201012088,1.8058405320002957,-0.1084084201491071,-0.1486129687636907,347.76503595965085,,33.021340096910684,14.478625966982383,13.37062219274479,
2024-09-16,7.519438998235604,0.977619543357776,-0.1033512870360118,-0.140616541041518,361.06952173817166,,33.051482959100724,13.441725002867832,13.167634714227528,
2024-09-23,7.333143068652785,1.1729921666837042,-0.0607129193936011,-0.1132729730642857,315.1473919361336,,32.827812333569085,11.523320929776936,10.653834984871729,
2024-09-30,6.640864245803726,0.9800804199908096,-0.1600151895973217,-0.2241194349602681,321.5338544540274,,32.88082001017185,10.841708334381526,10.354463443248212,
2024-10-07,4.757024866263793,1.1559928196896214,-0.0888069929924106,-0.1319073900108631,328.27706926999554,,32.33891494631681,12.573093156871169,11.624066661985106,
2024-10-14,4.24805990202231,3.744128904748965,-0.1363101363240239,-0.1584901570542041,388.403955553724,8.147575496838583,32.22813314373816,13.62698096060938,12.865603701145394,
2024-10-21,4.133315933055663,3.233955712022021,-0.1359371610162202,0.0425399579627976,383.76986598027736,8.143749263314131,32.52445353405593,12.608766764624937,12.281889068783173,
2024-10-28,3.057102694695137,1.9437335981063248,0.0500079437563988,-0.0058651808678571,337.1798440533683,8.039871736650454,32.11263109490343,12.972517254232365,12.950969342836602,
2024-11-04,3.3901600227508677,2.072556516555757,-0.0586242302864583,0.0076160846721726,349.93920597482094,8.04126918032143,32.360296618424705,12.310911796892665,12.175070187327677,
2024-11-11,2.9918633391880967,1.152067114818487,0.1421741354736608,0.2330988885413689,327.0567135537105,8.00011489150015,32.28872906839823,12.330428802570784,12.329814869084514,
2024-11-18,2.82992412441332,0.9158095869420751,0.1123862890848214,0.2371416270501489,324.4096402399261,7.962552832706837,32.35975804361935,12.009210272046094,12.023317986617409,
2024-11-25,2.669899588853269,0.9297172777122378,-0.0074683804388392,0.0990967471272321,331.626394577161,7.988360558235725,32.20403598249644,11.653163205021674,12.000238405272624,
2024-12-02,3.160653397910308,0.4725853205433409,0.0057284684090774,0.0364166847223214,341.2691042720553,7.987463992973365,31.98462608233465,10.707327179200654,10.971866236814131,
2024-12-09,2.833294070995282,0.7374166761740717,0.0598927586491071,0.077779170248363,337.1020555464483,7.974468153857288,32.30555724064986,11.184339385089062,11.205126536656696,
2024-12-16,2.676583375286647,0.6029114034183797,0.0805710027322915,0.1871490462133927,333.5407510228572,7.9566123563632445,32.42503465504491,11.274093855185088,11.278227537246734,
2024-12-23,2.90935587694446,0.4139950945399567,0.0999396514639881,0.1899873668251488,331.7855693649764,7.933587503574548,32.44203261299565,11.159179465072544,11.167994569836027,
2024-12-30,3.091325782052736,0.4386629364700519,0.0513613333589285,0.1596140881802083,332.25369390980813,7.930023514085866,32.3914020125671,11.009588537944609,11.075896095335567,
2025-01-06,3.4506494031944213,1.0135478590842286,-0.002531573113244,0.0213927280377976,339.8755085045717,7.953762055155953,31.57346873168976,11.133432542994264,11.168763135312652,
2025-01-13,3.631327459539073,1.0087155986244392,-0.1744592460578869,-0.3667120430988089,342.5500373574033,7.9487398827372,31.54702362422888,10.400223045478558,10.789246719302977,
2025-01-20,2.849956713652352,0.7860341044855659,-0.1311340096117559,-0.3972987897316961,340.54896789574,7.956499852596135,32.116263453626026,10.346702327023662,10.497834900254304,
2025-01-27,2.785932293993789,1.2596514604209497,-0.0209215396244048,-0.2367655203026784,350.7401943176398,7.97885446179539,31.97970062999465,9.895591052780553,10.308238838890173,
2025-02-03,3.031221141599739,2.723399634035078,-0.0105387218255952,-0.0280180736278273,371.13335450055774,8.028959658884379,31.92470111101297,9.591041218703843,9.61248922979763,
2025-02-10,3.2996106782067303,3.4156390466585145,-0.12111002411875,0.0784675271119046,379.9576509629607,8.054192863759523,31.819866863678776,8.934581427939529,8.987959229455512,
2025-02-17,2.959210114832296,1.3575916919815092,0.0871122321822916,0.2449163731708334,353.5737272695497,7.988192553319193,32.267998428258814,9.301261034787704,9.294692679444504,
2025-02-24,2.9007136073748203,1.078687734813243,0.0674455072617559,0.1301227423084824,356.7544240699692,7.998123347045683,32.10750567486454,9.88726443736134,9.791983804896578,
2025-03-03,3.1881009288683395,1.3640420674090403,0.0010542557602678,-0.0638899269096725,360.6445077742271,7.98814137279969,31.8303065326409,10.019963038198126,9.99942861837172,
2025-03-10,3.0990455320999217,1.2470944471614978,0.0683054409443452,0.1168175414595237,355.5480348361593,7.987434812246268,31.885039267973244,9.915254359585736,9.919067682306103,
2025-03-17,2.853624611872065,0.774642124798773,0.1213036087105655,0.2049809551660713,347.9964043466372,7.96658437521697,32.248380745238826,9.938665084800748,9.919733159196426,
2025-03-24,2.850455674978755,0.8229215385032737,0.0763546103377976,0.0918963127233631,348.05837069578007,7.958305366692416,32.20284587673292,10.30520703877865,10.14998077172603,
2025-03-31,2.9540948362193142,1.3055268106162246,0.0086810002129464,-0.0788060222203869,353.6995965758522,7.963970392942113,31.927701234881823,10.652505156350005,10.521270894346884,
2025-04-07,3.1771632255784232,0.7811889964994786,0.0021608882611606,-0.0880642882825892,353.1188483950173,7.968655801956559,31.84885449440533,10.91865664947614,10.825535020346129,
2025-04-14,3.1390882349157,1.4431036755433029,-0.3296989187433035,-0.7324270218005952,359.44315820971786,7.987404313115182,32.119577314182884,10.45180298931331,10.382623968484232,
2025-04-21,3.023700324675372,3.0864962066057253,-0.3438558784300601,-0.7346057209383927,375.0461359491482,8.024055501533772,32.14255146994628,10.335475050598076,10.222165738447485,
2025-04-28,4.2320067609696,5.7524910469941615,-0.1827898125816963,-0.4921785449321428,429.7467672498855,8.137597169192118,31.535276525841383,11.28768492965642,10.413961337085713,
2025-05-05,4.108626970178824,6.0336401516785365,-0.2109107941781248,-0.5610801338688985,402.1740863280261,8.09548854898645,31.85641919185177,11.086518025205123,10.41375055961919,
2025-05-12,4.2760076178137965,1.0379832440329233,-0.0861233406892857,-0.4360365636364584,397.2569080295566,8.247611751157004,30.781585865646736,12.74648818828446,12.305904648128282,
2025-05-19,4.1233941774428144,0.8191984173461693,-0.1817633790255952,-0.4301304249511908,364.09595542796256,8.141542701495975,31.205241487959658,12.535673738914616,11.900560620963674,
2025-05-26,4.031745762599192,1.7698699398669158,-0.2823323044310874,-0.4978413095312405,361.1496589333433,8.081140976798013,31.30366157791313,12.85347293013001,11.876942825980578,
2025-06-02,3.360067545687733,0.8646913022053573,-0.3382144050636904,-0.5386231811936009,265.48719098342127,7.776878571226187,32.70738883610358,10.068362708117103,9.649889731691818,
2025-06-09,3.638710083490622,5.735932392379958,-0.308761986257738,-0.3087373608491073,320.20868148761025,7.873612338590323,33.0283452355113,10.255793185611374,9.68458214969672,
2025-06-16,4.396022805448281,8.774040299350117,-0.1701464139797617,-0.2561178709191966,374.0933904608824,8.043289132772006,32.846148951396,12.39811318630861,10.17953005433125,
2025-06-23,3.951160618796693,4.147458686872648,-0.2271735981462797,-0.2958629761468749,431.6807725900101,8.244972464584961,33.17189825977658,13.353515893241411,11.369340028258422,
2025-06-30,3.662682745499444,6.505403311582707,-0.0683540348030099,-0.2265588741043479,276.62621298382123,7.806653868585409,33.36401607492653,9.558845308704036,9.1092857235936,
2025-07-07,3.6667559006780928,7.91159156164789,-0.101349507775595,-0.2038317744863098,315.1237202328296,7.87839896622188,33.48775854982863,9.805234901666266,9.173182291643316,
2025-07-14,3.4323966997615734,3.9365921414172496,-0.1512763122386904,-0.2361562306999997,242.3268953033046,7.841774107445835,33.491744539704605,10.235361386006906,8.569007660792307,
2025-07-21,3.9475328736811552,9.14103857868426,-0.1030016365843749,-0.1443028127014881,423.0154217122122,8.296684060068156,33.53739402228693,12.574504103806332,11.2285020051881,
2025-07-28,3.813499553742384,4.9703642207925975,-0.1109837226343749,-0.149740068613988,404.79321545946095,8.176085927379903,33.31716096651728,12.52073356760136,11.394072475887656,
2025-08-04,4.119228259252701,6.080902581501121,-0.0324049195272321,-0.0569124248723214,388.1282322937553,,33.310859985563056,13.480591818543605,11.034327060251355,
2025-08-11,3.676847279974315,2.6388045655955463,0.0076857403440475,-0.0507893689803571,307.91086847425424,,33.389394842724656,12.46463314376332,11.480641077649317,
2025-08-18,3.946735006437863,4.648280393918438,-0.0386736859044643,-0.0755351936940477,405.2108513456442,,33.35549265001362,14.627309631216942,13.789530824443109,
2025-08-25,4.786500233206896,9.850543307508891,0.0145179807534226,0.0294640006839285,414.5492386762597,,33.331010682532835,13.502743965902472,12.469635782447444,
2025-09-01,4.20409343438155,5.620135248176486,-0.0282768448162202,-0.0247877038933035,426.9382693064306,,33.166268310595235,14.475630530283889,13.5181284972631,
2025-09-08,4.070936425447222,3.920795079319444,-0.0423802157178571,0.0383832350282738,414.6208267211834,,33.12647989222222,14.975884898802924,13.866888893977777,
2025-09-15,4.189357827309839,1.8481921877618848,-0.0578748331416666,-0.0711073679973214,357.311670176195,,33.35809150192295,13.349793809983735,12.740875463014753,
2025-09-22,3.8705650683585184,4.218723637427564,-0.0383296688197916,-0.1001275470124999,349.1506154891399,,33.21375015720436,11.594717772013515,11.297471134455709,
2025-09-29,3.011983120055136,1.5047551372270458,0.1079231710322917,0.0675264410116071,332.00354433499496,,32.35381070849031,14.322053506856058,14.25534895062484,
2025-10-06,2.642365606145454,1.0282190966227276,-0.0436135359254464,0.0289114008705356,338.200981299996,,32.344105708231005,14.199155680964642,14.575617561564911,
2025-10-13,,,0.0056749154519345,0.0910926028203868,,,,13.4076706051662,,
2025-10-20,,,0.1072499765498513,0.1476894011357144,,,,13.37036637017459,,
2025-10-27,2.6524413921042704,0.6526763748523137,0.0213811044369047,0.0699171650900298,333.96183777161417,,32.65819118353868,13.154954017914124,13.120635935466664,
2025-11-03,2.63759842309762,0.5633409193116069,0.1082861658632441,0.2070970018184524,331.7480117871584,,32.599853802991674,12.853753837696669,12.84945716176786,
2025-11-10,2.409126622466369,0.9362378764654772,0.0703756067543154,0.1223943513269346,339.5166532125345,,32.79046838573929,12.684957808607056,12.650635685235718,
2025-11-17,2.4089881165214586,0.7466115816984936,0.0465950341974702,0.0509834556489583,337.9060210023015,,32.707424104402754,12.63960857189693,12.60261140506466,
2025-11-24,2.315676508061565,0.8939189463123132,0.0794632818940476,0.1017188124369047,336.1270131305383,,32.709590745714934,12.705242764625837,12.683664136856718,
2025-12-01,,,0.057048204926488,-0.0225900574239583,,,,12.625699862254104,,
2025-12-08,2.147281648166336,0.3816605218319998,0.0459493393891368,0.0960341429684524,337.9433907428969,,32.33326750707867,12.669662706560995,12.677899983728,
2025-12-15,2.201907628183631,0.3800184819583333,0.121408067950744,0.2470340845409225,334.92418792042525,,32.42159110814048,12.438764428016274,12.442752372651189,
2025-12-22,2.4022844782793262,0.3921928433572114,0.0373536129175595,0.1200241802955357,333.52387665179964,,32.58347459275576,11.91460302016796,12.040148074811537,
2025-12-29,,,0.0606272454571429,0.1706845679507441,,,,11.208226981585042,,
2026-01-05,,,0.08309420713125,0.153613651155506,,,,11.681596271990845,,
2026-01-12,,,-0.068831699803869,-0.070370270472619,,,,11.32191380752741,,
2026-01-19,,,-0.0632201295883928,-0.1022343855556548,,,,10.865425077760984,,
2026-01-26,,,0.0131050956293333,-0.1267537157986666,,,,10.6826144885081,,
2026-02-02,,,,,,,,,,
2026-02-09,,,,,,,,,,
2026-02-16,,,,,,,,,,
2026-02-23,,,,,,,,,,
2026-03-02,,,,,,,,,,
2026-03-09,,,,,,,,,,
2026-03-16,,,,,,,,,,
2026-03-23,,,,,,,,,,
2026-03-30,,,-0.1151574983705192,-0.349263092457789,,,,10.428280264328748,,
2026-04-06,,,-0.1407555476799106,-0.3547372430675595,,,,10.849613292254874,,
2026-04-13,,,-0.1115644220595238,-0.2979960923186012,,,,11.136636070108487,,
2026-04-20,,,-0.1209716325965411,-0.2907550833700751,,,,12.159848414940356,,
2026-04-27,,,-0.1460235939258928,-0.3767486565761901,,,,11.219171129427636,,
2026-05-04,4.09275218303717,5.437786080977303,-0.1642038501662057,-0.3635583255202765,404.73522720405856,,30.70865998037632,12.85373111777022,11.364694695727632,
2026-05-11,3.768033479370832,3.4226457040031266,-0.1647237351069803,-0.4147520091935063,332.4133778091823,,31.606901208225,12.63801776120472,9.953487475708334,
2026-05-18,,,-0.3204265584645836,-0.655729627373214,,,,10.435002086818988,,
2026-05-25,,,-0.1032259545802083,-0.2361177580791665,,,,10.965750692288124,,
2026-06-01,,,-0.144616305135268,-0.3695682465412201,,,,11.932386408250135,,
2026-06-08,,,-0.106718864619494,-0.3318284535202381,,,,12.746010417029757,,
2026-06-15,,,-0.0841266679886075,-0.3506542615670885,,,,10.525378412939894,,
